{
  "events": [
    {
      "id": "1",
      "eventName": ".NET for Beginners",
      "eventURL": "https://youtu.be/ZNf0t0G2d1g",
      "startTime": "18-06-2021 13:59:58",
      "EndTime": "18-06-2021 15:59:58",
      "description": ".NET Framework is a software framework developed by Microsoft that runs primarily on Microsoft Windows. It includes a large class library",
      "panelists": "Himani Patel",
      "attendee": "Ritu Singh,Fatima Motlak"
    },
    {
      "id": "2",
      "eventName": "React Js",
      "eventURL": "https://www.youtube.com/watch?v=w7ejDZ8SWv8",
      "startTime": "16-06-2021 13:30:47",
      "EndTime": "16-06-2021 13:30:47",
      "description": "Get started with React in this crash course. We will be building a task tracker app and look at components, props, state, hooks, working with an API and more.",
      "panelists": "Ritu Singh,Fatima Motlak",
      "attendee": "Himani Patel"
    }
  ]
}
